"rpid","prol","pdep","psex","pgen","page","fuse1","fuse2","fuse3","fuse4","fuse5","fuse6","fuse7","puse1","puse2","puse3","puse4","ouse1","ouse2","ouse3","ouse4","pben1","pben2","pben3","pben4","pris1","pris2","pris3","pris4","sben1","sben2","sben3","sben4","sris1","sris2","sris3","sris4","know1","know2","know3","know4","skep1","skep2","skep3","skep4","edfu1","edfu2","edfu3","edfu4","ethi1","ethi2","ethi3","ethi4"
11224,0,1,0,0,0,3,3,3,3,2,1,4,4,2,4,4,4,4,4,4,4,4,4,4,4,5,1,3,2,4,4,4,4,5,5,5,4,4,3,1,5,2,2,4,4,4,4,2,3,4,3,2
11906,0,0,1,0,0,2,2,1,0,1,1,2,4,4,3,3,4,3,3,4,4,3,4,4,4,3,2,2,3,3,4,5,2,4,5,5,4,4,2,2,2,2,4,4,4,4,2,2,4,4,2,3
14954,1,1,0,0,1,3,3,3,1,2,0,0,3,4,1,1,4,4,3,3,3,3,3,4,3,3,3,1,3,3,4,4,3,3,3,3,4,4,2,1,3,3,1,3,4,3,1,3,4,3,3,3
15641,0,1,1,0,0,1,1,0,0,0,1,1,1,1,1,1,4,5,1,1,1,1,3,4,2,5,1,4,1,2,2,3,4,5,4,5,4,1,2,3,1,2,2,4,5,4,2,4,1,4,3,4
15958,0,0,0,0,0,2,2,2,2,2,2,2,3,3,3,3,3,3,3,4,3,3,3,3,3,3,3,3,3,3,3,3,3,3,3,3,3,3,3,3,4,3,3,3,3,3,3,3,3,3,3,3
17109,0,0,1,0,0,2,2,0,0,0,2,2,2,4,2,1,4,4,3,4,2,3,3,4,2,3,3,1,4,3,3,4,3,4,4,5,4,5,2,1,4,2,4,5,5,5,2,2,4,4,3,3
17360,0,0,0,0,0,0,1,0,1,0,0,0,1,1,1,1,5,5,4,5,3,1,1,1,5,5,1,5,3,3,5,5,5,5,5,5,5,5,1,1,5,3,1,5,5,5,3,3,3,5,3,3
18945,0,1,1,0,0,0,0,1,0,1,2,2,2,2,2,2,3,3,3,2,3,2,3,2,2,3,2,2,3,4,4,4,3,4,4,5,2,2,4,4,2,2,3,4,5,4,4,2,4,3,2,3
20421,0,0,1,0,0,3,4,3,3,3,3,2,3,4,3,2,3,3,3,2,3,3,2,3,2,3,2,3,3,2,3,3,2,3,3,4,4,4,2,3,4,3,2,3,4,4,3,3,3,3,3,3
21248,0,0,1,0,0,2,3,0,1,0,3,3,4,4,4,4,3,4,3,4,4,4,4,4,3,3,3,3,4,4,4,5,4,4,4,5,4,3,3,3,2,3,3,5,5,4,2,1,3,5,4,4
23853,0,1,0,0,0,3,2,1,2,0,3,3,4,4,4,4,4,4,2,3,4,4,4,4,3,4,2,3,4,4,4,4,2,4,5,5,4,4,3,2,3,2,3,5,5,4,3,3,3,4,3,3
26739,0,0,1,1,0,3,3,2,0,0,3,3,4,4,4,4,5,4,3,2,2,2,4,4,1,4,1,3,2,3,3,3,4,4,4,5,4,4,2,2,3,2,3,3,4,3,3,3,3,3,4,2
28337,1,0,1,0,1,2,2,0,1,0,0,0,2,4,3,2,3,2,4,5,2,2,4,4,2,2,2,2,3,2,4,4,2,5,5,4,4,1,3,2,4,3,1,5,5,4,1,2,2,2,2,2
28869,1,0,0,0,1,0,1,3,3,1,3,3,4,4,1,1,3,3,2,3,4,4,4,2,2,3,1,2,4,3,4,5,1,3,2,4,4,4,2,1,5,1,3,5,4,4,4,1,3,4,1,2
30778,0,0,1,0,0,2,0,0,0,3,2,2,3,2,2,4,4,3,4,3,3,3,3,3,2,4,3,3,4,3,3,4,3,4,4,4,2,2,5,4,3,3,3,3,2,2,2,4,3,3,3,3
31104,0,0,1,0,0,1,1,0,0,0,0,1,NA,NA,NA,NA,NA,NA,NA,NA,NA,NA,NA,NA,NA,NA,NA,NA,NA,NA,NA,NA,NA,NA,NA,NA,NA,NA,NA,NA,NA,NA,NA,NA,NA,NA,NA,NA,NA,NA,NA,NA
34608,0,0,1,0,1,3,2,3,0,1,1,3,4,5,2,4,5,5,3,3,3,1,3,3,1,5,1,1,2,1,4,4,5,5,3,5,5,5,2,2,1,2,3,2,3,1,2,5,3,5,3,1
35326,1,1,1,0,1,1,3,1,0,2,4,0,5,5,2,4,2,3,4,4,5,5,5,5,2,2,4,2,3,4,5,5,2,NA,4,5,3,1,4,4,2,2,4,5,5,5,2,2,3,5,2,2
35489,0,1,0,0,0,2,3,3,2,2,3,3,3,5,5,5,3,3,2,2,5,3,5,5,2,2,2,1,4,4,5,5,2,4,4,2,4,4,1,1,5,2,3,5,4,4,1,1,4,5,2,1
35806,1,1,0,0,1,1,1,0,0,0,1,1,2,2,2,2,2,2,2,2,4,2,1,2,2,3,2,2,4,4,4,4,2,2,2,2,2,2,2,3,3,3,2,4,2,4,2,2,3,4,2,2
35850,0,1,1,0,0,3,3,4,0,2,4,4,3,5,4,3,4,4,3,3,4,3,4,5,4,3,2,2,2,3,2,4,2,4,4,4,4,2,1,1,5,2,4,4,2,4,1,2,3,4,2,3
36911,0,0,0,0,0,3,3,3,3,0,3,3,NA,NA,NA,NA,NA,NA,NA,NA,NA,NA,NA,NA,NA,NA,NA,NA,NA,NA,NA,NA,NA,NA,NA,NA,NA,NA,NA,NA,NA,NA,NA,NA,NA,NA,NA,NA,NA,NA,NA,NA
38558,0,1,1,0,1,1,1,0,0,0,0,0,4,3,1,1,5,5,3,3,1,4,3,5,5,5,4,5,1,1,1,4,4,5,5,5,4,3,2,3,2,3,3,5,5,4,3,2,1,3,5,2
39019,0,0,0,0,0,4,3,3,2,3,4,4,4,4,4,4,2,4,5,4,4,3,3,4,2,4,1,1,5,3,4,5,2,2,3,5,4,4,1,1,5,4,4,5,5,3,2,2,3,3,2,4
39135,1,0,1,0,1,1,0,0,0,1,1,1,2,2,2,2,4,4,2,NA,2,2,3,2,1,2,2,2,2,4,5,4,3,4,4,4,2,2,2,2,2,2,2,5,5,5,2,2,3,4,3,2
42161,0,1,1,0,0,0,1,2,0,2,4,4,1,1,4,1,4,3,1,3,1,1,1,4,4,1,1,1,4,4,4,5,3,3,3,3,4,4,1,1,3,1,4,3,5,3,4,5,3,4,4,3
43699,0,1,1,0,0,0,3,4,3,1,3,3,4,4,4,4,5,4,5,5,4,4,4,4,5,3,4,3,4,3,5,4,1,5,5,5,4,2,1,1,1,1,4,5,5,5,3,3,4,4,4,1
43712,0,0,1,0,0,3,4,0,1,3,0,0,5,5,1,1,5,5,5,5,1,2,1,5,4,5,1,5,1,1,1,3,4,5,5,5,5,4,1,1,1,1,1,5,5,5,1,2,3,3,1,1
43755,0,1,1,0,0,3,2,3,2,0,4,4,4,3,4,4,3,2,1,2,3,4,4,4,2,2,2,2,3,3,4,4,3,4,2,4,4,2,2,2,2,3,3,4,4,4,3,3,2,4,3,4
44392,1,0,1,0,1,3,1,0,1,0,2,2,3,4,4,3,3,2,4,4,3,3,3,5,1,3,2,1,4,3,5,5,2,5,5,2,3,3,1,2,2,1,4,NA,5,5,2,1,3,3,3,3
45376,0,0,1,0,0,2,1,2,1,3,1,1,3,2,3,3,4,3,3,4,2,3,1,3,3,3,3,3,3,2,3,3,1,4,4,3,4,4,3,3,4,3,4,3,3,3,3,3,3,1,4,3
46077,0,1,1,0,0,2,2,3,2,3,1,1,4,4,2,2,4,4,3,4,4,3,4,3,2,3,2,2,2,3,4,5,2,4,3,4,4,3,2,NA,3,3,3,4,4,3,2,2,4,4,1,2
46794,0,0,0,0,0,3,2,3,3,2,3,3,4,4,4,5,4,3,2,4,4,2,3,4,4,4,3,4,2,2,4,4,4,3,5,5,4,2,2,1,1,2,3,5,4,5,2,2,2,4,4,2
46939,0,0,1,0,0,3,3,3,1,1,0,0,2,5,1,2,5,3,4,4,4,3,3,5,3,2,3,1,4,3,3,4,3,3,3,3,3,1,4,1,4,3,3,3,4,3,2,1,3,4,4,5
47770,0,0,0,0,0,4,4,4,2,1,4,4,5,5,5,5,5,4,3,1,3,1,3,4,1,1,1,1,5,3,5,5,1,3,3,5,4,5,1,1,3,1,5,5,5,5,1,1,5,5,1,3
48817,0,1,1,0,0,1,1,1,1,0,1,1,4,3,3,4,4,2,3,3,4,3,3,4,2,2,1,2,3,3,4,5,2,5,4,4,4,3,2,2,5,3,3,3,4,4,2,2,3,4,3,2
49516,1,0,1,0,1,1,1,0,0,3,0,1,2,3,2,2,3,5,2,2,3,3,2,3,2,3,2,3,3,4,5,5,2,3,2,2,3,5,2,3,3,3,3,4,4,4,4,3,3,4,3,2
49549,0,0,0,0,0,2,3,0,1,0,3,3,4,4,5,5,5,5,4,5,3,4,4,4,4,2,1,1,3,5,4,2,1,5,5,5,5,5,1,1,4,4,4,5,5,5,1,1,5,5,1,2
50563,0,0,1,0,0,4,4,4,4,4,4,4,4,5,4,5,5,3,5,4,5,5,5,5,3,1,1,4,3,4,5,5,1,5,2,2,5,3,1,2,5,2,3,5,5,3,1,1,3,4,4,1
50869,0,1,1,0,0,4,4,3,3,3,4,4,4,4,4,4,3,3,3,3,4,4,4,4,3,2,2,2,4,3,4,4,2,2,4,2,4,4,2,2,4,2,4,4,4,4,2,2,4,4,3,3
52809,0,1,1,0,0,3,3,3,1,1,1,1,3,4,3,3,3,4,3,3,3,3,3,4,3,3,3,3,2,3,3,4,2,2,4,3,4,3,2,2,4,2,3,4,4,4,3,3,3,4,3,3
56207,0,1,1,0,0,1,2,3,0,0,0,0,4,4,1,1,3,2,2,1,4,3,4,4,2,3,1,3,3,2,4,4,3,4,3,4,4,3,4,2,4,2,4,4,4,5,4,2,3,4,3,2
57127,0,1,1,0,0,1,0,2,0,1,1,2,NA,NA,NA,NA,NA,NA,NA,NA,NA,NA,NA,NA,NA,NA,NA,NA,NA,NA,NA,NA,NA,NA,NA,NA,NA,NA,NA,NA,NA,NA,NA,NA,NA,NA,NA,NA,NA,NA,NA,NA
57953,0,0,0,0,0,2,2,2,1,1,2,2,4,4,4,4,4,4,3,3,3,4,3,4,2,4,3,3,1,2,4,3,3,4,4,5,4,3,2,2,2,1,3,4,5,5,1,1,4,4,2,2
60844,0,1,1,0,0,1,1,1,0,0,1,1,2,2,4,4,4,3,3,4,2,3,1,3,2,4,2,3,4,3,4,4,3,4,5,5,2,2,2,2,1,2,2,5,3,4,3,2,3,4,3,3
63645,0,0,0,0,0,3,3,1,2,0,0,3,4,4,3,4,4,4,3,3,3,3,3,4,3,3,2,3,4,3,3,5,3,3,4,4,3,4,2,2,3,2,4,4,4,4,3,2,3,4,3,3
64325,0,1,1,0,0,0,0,0,0,0,0,0,1,1,1,1,4,4,3,4,1,1,1,1,1,1,1,1,2,3,3,3,1,4,4,4,1,1,4,4,3,2,3,3,4,3,2,3,3,4,3,3
64376,0,1,1,0,0,4,4,4,3,0,3,3,5,5,5,5,4,2,2,4,5,3,4,5,2,1,2,1,4,3,5,4,1,5,3,5,5,1,2,1,2,1,3,3,5,5,1,1,4,5,1,1
64424,0,1,1,0,0,3,2,0,0,0,3,3,4,3,4,4,3,4,2,2,2,2,3,3,4,4,2,2,2,3,3,3,2,4,4,4,4,3,2,2,3,3,2,3,4,3,3,3,3,3,2,3
64585,0,1,1,0,0,3,4,2,1,2,0,1,4,4,1,1,4,4,3,2,3,2,4,4,4,3,1,2,2,3,3,3,2,4,3,4,4,3,2,2,4,2,2,3,4,4,2,3,3,4,2,2
65181,1,0,1,0,1,2,2,2,2,1,2,2,4,4,4,2,4,4,4,4,4,4,4,4,1,3,2,2,4,4,4,5,2,2,3,3,4,4,2,3,3,3,3,4,4,4,2,2,4,4,2,2
68505,0,1,1,0,0,1,1,1,0,0,1,1,4,4,2,3,4,4,4,3,4,3,3,4,3,2,3,2,4,3,4,4,2,5,4,4,3,3,2,3,2,3,3,4,4,4,3,3,3,4,3,3
69358,0,0,1,0,1,3,2,3,0,2,3,3,4,4,2,4,5,5,3,3,4,4,3,4,3,5,1,2,2,1,3,4,5,5,3,5,5,4,2,3,1,1,3,2,4,1,2,3,3,4,5,2
69437,0,0,0,0,0,0,3,2,1,0,0,4,NA,NA,NA,NA,NA,NA,NA,NA,NA,NA,NA,NA,NA,NA,NA,NA,NA,NA,NA,NA,NA,NA,NA,NA,NA,NA,NA,NA,NA,NA,NA,NA,NA,NA,NA,NA,NA,NA,NA,NA
70981,1,1,0,0,1,3,2,4,4,2,4,3,5,5,5,5,3,4,3,4,5,5,5,5,1,3,2,4,4,4,5,5,3,5,5,5,5,5,1,1,3,1,5,4,5,4,1,2,3,5,2,2
70988,1,1,0,0,1,2,2,0,1,0,2,3,4,4,3,5,2,3,2,2,4,4,4,4,1,2,1,2,4,4,5,5,3,4,4,4,3,4,2,2,2,1,3,4,5,4,1,1,5,5,2,1
71147,0,0,1,0,0,3,2,4,0,0,1,2,5,5,2,1,5,5,4,5,5,5,5,5,2,1,1,1,2,3,5,5,3,5,5,5,5,2,1,1,1,2,3,5,5,5,2,1,5,5,2,2
71285,1,0,1,0,1,1,1,1,1,1,1,2,3,3,4,4,4,4,3,4,4,3,4,4,3,3,2,3,3,3,4,4,3,3,4,3,3,3,3,3,3,3,3,3,5,4,3,2,4,3,2,2
71412,0,0,1,0,0,1,0,0,0,2,0,0,1,3,1,1,5,4,2,3,1,2,2,3,5,4,2,4,5,4,4,5,3,5,4,5,1,1,4,4,3,3,4,4,3,2,5,NA,1,4,4,5
71432,0,1,0,0,0,3,3,3,3,3,1,4,4,4,2,4,5,5,5,4,3,4,4,4,5,5,1,3,4,4,5,4,3,5,5,4,4,4,2,3,5,2,1,5,4,2,2,2,4,4,4,3
71604,0,0,1,0,0,4,3,4,3,4,4,1,NA,NA,NA,NA,NA,NA,NA,NA,NA,NA,NA,NA,NA,NA,NA,NA,NA,NA,NA,NA,NA,NA,NA,NA,NA,NA,NA,NA,NA,NA,NA,NA,NA,NA,NA,NA,NA,NA,NA,NA
71640,0,1,1,0,0,3,4,1,1,1,2,2,4,4,2,4,5,4,4,4,4,4,4,5,4,4,2,1,3,3,4,5,3,5,4,4,4,4,5,1,4,2,4,4,4,5,1,2,3,5,2,2
72358,0,1,1,0,0,3,2,3,2,0,0,0,4,4,3,3,4,3,3,2,4,3,4,4,3,3,3,1,3,3,3,4,3,4,3,3,3,2,4,3,4,3,3,3,3,3,3,1,4,3,3,1
73085,0,1,1,0,0,1,1,0,0,1,0,1,2,2,1,1,3,3,3,3,2,3,3,4,2,5,2,2,2,3,5,4,2,4,5,5,4,4,2,3,2,2,2,5,5,3,2,3,3,4,3,3
73339,0,1,1,0,1,2,2,0,1,0,1,1,4,4,2,2,3,3,3,2,2,3,3,4,2,2,1,1,2,3,5,4,1,2,1,4,4,4,2,2,3,2,4,4,4,4,2,2,4,2,2,2
74219,0,0,1,0,0,2,3,2,1,0,1,0,4,2,1,1,5,4,2,5,4,3,4,4,1,4,2,2,2,3,4,4,2,2,4,5,4,4,3,4,3,2,2,4,5,5,2,2,4,4,2,2
74409,0,1,1,0,0,0,0,4,3,0,3,2,5,5,2,2,5,2,3,4,5,4,5,4,3,1,1,1,1,3,3,3,1,2,3,4,5,2,3,1,4,1,3,5,5,5,1,1,4,5,2,1
75684,0,1,0,0,0,3,3,2,3,3,0,4,NA,NA,NA,NA,NA,NA,NA,NA,NA,NA,NA,NA,NA,NA,NA,NA,NA,NA,NA,NA,NA,NA,NA,NA,NA,NA,NA,NA,NA,NA,NA,NA,NA,NA,NA,NA,NA,NA,NA,NA
78228,0,0,1,0,0,4,4,3,3,2,4,3,4,4,3,2,5,4,4,3,4,4,4,4,3,3,1,2,3,3,4,4,3,4,3,4,NA,3,2,2,3,2,4,3,5,4,2,3,4,4,2,2
78805,0,0,1,0,1,4,3,2,3,0,2,3,5,5,2,4,5,4,5,5,5,5,4,5,1,3,1,3,5,5,5,5,1,3,3,3,5,2,1,1,1,1,5,5,5,5,1,1,5,5,1,1
79017,0,1,1,0,0,2,2,1,1,0,2,2,4,4,4,3,4,4,4,4,3,2,3,4,5,5,5,5,4,2,3,3,5,5,5,5,2,4,2,2,5,4,3,3,2,3,5,5,1,2,4,4
81419,0,1,1,0,0,2,2,3,0,0,2,3,NA,NA,NA,NA,NA,NA,NA,NA,NA,NA,NA,NA,NA,NA,NA,NA,NA,NA,NA,NA,NA,NA,NA,NA,NA,NA,NA,NA,NA,NA,NA,NA,NA,NA,NA,NA,NA,NA,NA,NA
82378,0,0,1,0,0,1,2,0,0,0,1,1,4,5,1,1,5,5,3,4,3,3,3,3,3,3,1,1,2,2,3,4,2,3,4,5,5,4,1,2,4,3,1,3,5,4,1,3,4,3,4,3
82988,0,1,1,0,0,1,2,0,0,1,0,2,4,4,3,4,4,4,3,3,2,1,2,5,2,3,2,2,4,4,4,4,3,4,4,4,4,4,2,2,4,3,4,5,4,4,2,2,3,4,2,4
83995,0,0,1,0,0,3,3,3,2,3,4,4,4,4,4,4,4,3,4,4,4,4,4,5,1,3,2,1,3,4,4,4,3,4,4,5,4,2,2,2,4,3,4,4,5,5,2,2,4,4,2,3
84361,0,0,1,0,1,0,0,0,0,0,0,0,1,1,1,1,5,4,3,3,1,1,2,4,3,3,1,3,3,3,4,4,3,3,3,3,1,1,5,5,4,3,5,4,3,4,2,3,3,3,3,5
84398,0,0,0,0,0,3,3,3,3,2,0,1,4,4,3,2,5,5,5,4,4,4,4,4,3,2,3,3,3,4,5,3,3,3,3,4,4,3,4,1,3,3,5,4,5,4,4,3,4,3,4,3
84432,0,1,0,0,0,3,3,0,0,0,3,3,2,2,1,1,2,2,2,2,3,5,2,5,1,1,1,1,3,4,5,5,1,1,1,1,5,4,1,1,5,1,5,3,4,5,1,1,5,5,1,1
84742,0,0,1,0,0,0,2,1,2,0,3,3,4,4,4,4,5,2,4,4,3,3,4,4,2,1,1,2,3,3,3,4,1,4,5,3,4,2,2,2,4,2,4,5,5,4,4,2,3,4,2,2
85338,0,1,0,0,0,0,0,0,0,0,0,0,1,1,1,1,4,2,3,3,1,2,1,2,2,3,2,2,3,4,4,4,3,4,4,5,2,1,2,3,3,4,2,4,4,4,2,2,4,4,2,3
85946,1,0,0,0,1,4,3,4,2,1,4,3,4,4,4,3,3,3,3,3,4,4,NA,5,3,NA,1,1,5,5,5,5,5,5,5,5,4,NA,3,3,3,2,1,5,5,5,1,1,4,4,2,1
86325,1,0,0,0,1,2,2,0,2,1,2,2,3,3,4,4,3,3,4,4,4,3,4,4,2,4,2,2,4,3,4,5,2,3,4,3,4,4,2,3,4,3,3,4,4,4,2,2,4,4,3,2
87732,0,1,1,0,0,2,2,2,2,0,0,0,5,4,1,1,5,5,4,4,5,4,5,5,5,1,2,3,1,3,4,4,3,3,2,4,5,2,1,1,4,1,3,4,4,4,1,1,4,5,2,1
91300,0,1,1,0,0,1,2,2,1,1,0,1,4,4,1,1,5,3,4,4,4,3,4,4,3,3,2,2,3,4,4,5,2,3,4,5,4,4,2,1,5,1,3,4,4,4,2,2,4,4,2,3
92526,0,1,1,0,0,3,3,2,1,0,2,2,5,4,3,4,4,2,4,4,4,3,5,5,2,3,2,2,3,2,3,5,2,5,4,5,4,4,1,1,3,3,3,3,4,4,3,3,3,4,3,3
94686,1,0,1,0,1,0,0,0,0,0,1,2,2,2,3,1,4,4,3,5,3,2,3,1,1,2,2,1,3,3,4,3,3,5,4,5,4,2,1,1,3,4,4,5,4,4,3,4,2,4,4,4
96307,1,0,1,0,1,1,0,0,0,1,0,0,2,4,1,1,3,3,1,3,2,3,3,3,3,4,1,3,4,4,3,4,3,5,5,4,3,4,4,4,4,4,3,4,5,3,3,3,3,3,3,4
97602,0,1,0,0,0,2,2,2,0,0,3,3,2,3,1,4,3,2,2,2,3,3,3,4,2,2,1,1,4,2,4,4,2,4,4,5,4,2,1,1,2,2,4,4,5,4,1,2,3,4,2,4
